{"mean":{"confidence_interval":{"confidence_level":0.95,"lower_bound":253659.8095397331,"upper_bound":262414.37003524706},"point_estimate":257449.87948201655,"standard_error":2258.7467276402162},"median":{"confidence_interval":{"confidence_level":0.95,"lower_bound":251426.86170212767,"upper_bound":252339.58964974585},"point_estimate":251839.11764705883,"standard_error":246.66301885070425},"median_abs_dev":{"confidence_interval":{"confidence_level":0.95,"lower_bound":1363.2335514247154,"upper_bound":2415.837982785984},"point_estimate":1802.1809639481035,"standard_error":266.0822500036732},"slope":{"confidence_interval":{"confidence_level":0.95,"lower_bound":252767.08983482525,"upper_bound":257819.52258741693},"point_estimate":254948.98603517067,"standard_error":1298.1747482016956},"std_dev":{"confidence_interval":{"confidence_level":0.95,"lower_bound":6859.594093987702,"upper_bound":34513.34734546815},"point_estimate":22796.454008060136,"standard_error":7287.5958203215305}}