{"mean":{"confidence_interval":{"confidence_level":0.95,"lower_bound":-0.05908539598489293,"upper_bound":-0.00396931783030168},"point_estimate":-0.032491354583835785,"standard_error":0.01410423505894251},"median":{"confidence_interval":{"confidence_level":0.95,"lower_bound":-0.026981232254469835,"upper_bound":-0.006840252345060582},"point_estimate":-0.016154109756694512,"standard_error":0.0050751733175361255}}