{"mean":{"confidence_interval":{"confidence_level":0.95,"lower_bound":-0.03466052150013229,"upper_bound":0.05109497714874694},"point_estimate":0.0035375003010684747,"standard_error":0.02207473015436223},"median":{"confidence_interval":{"confidence_level":0.95,"lower_bound":-0.019254962496514816,"upper_bound":-0.0071846645035853135},"point_estimate":-0.013833157519503536,"standard_error":0.002998360032832168}}