{"mean":{"confidence_interval":{"confidence_level":0.95,"lower_bound":-0.3939779182910789,"upper_bound":-0.3464954911946693},"point_estimate":-0.37000916987285637,"standard_error":0.012155638847618692},"median":{"confidence_interval":{"confidence_level":0.95,"lower_bound":-0.35534728852643227,"upper_bound":-0.3501321540754275},"point_estimate":-0.35213472247264255,"standard_error":0.0012857599684429762}}