{"mean":{"confidence_interval":{"confidence_level":0.95,"lower_bound":-0.019598922945075384,"upper_bound":0.028563279131328154},"point_estimate":0.004238406293164632,"standard_error":0.012097072186738953},"median":{"confidence_interval":{"confidence_level":0.95,"lower_bound":-0.00854429871735185,"upper_bound":0.003363584183929458},"point_estimate":-0.004004949238196609,"standard_error":0.0032585521994202777}}