{"mean":{"confidence_interval":{"confidence_level":0.95,"lower_bound":-0.04026098577816309,"upper_bound":-0.025213741895363736},"point_estimate":-0.032824075449996326,"standard_error":0.0038657689761235465},"median":{"confidence_interval":{"confidence_level":0.95,"lower_bound":-0.0425108919007442,"upper_bound":-0.03119977064432289},"point_estimate":-0.03570491280962329,"standard_error":0.0026579650474842296}}