{"mean":{"confidence_interval":{"confidence_level":0.95,"lower_bound":-0.030799229664850714,"upper_bound":-0.008843151212105079},"point_estimate":-0.019433590330862782,"standard_error":0.0055536869511309955},"median":{"confidence_interval":{"confidence_level":0.95,"lower_bound":-0.018296750305022577,"upper_bound":-0.009216417745395389},"point_estimate":-0.011827367012248957,"standard_error":0.002495508594129482}}