{"mean":{"confidence_interval":{"confidence_level":0.95,"lower_bound":49605935.0,"upper_bound":51598811.0},"point_estimate":50535441.0,"standard_error":507699.5622989462},"median":{"confidence_interval":{"confidence_level":0.95,"lower_bound":48333000.0,"upper_bound":48963900.0},"point_estimate":48628000.0,"standard_error":187495.99314250608},"median_abs_dev":{"confidence_interval":{"confidence_level":0.95,"lower_bound":920763.1539031868,"upper_bound":2062520.8066329355},"point_estimate":1385489.6754026413,"standard_error":279721.5441844457},"slope":null,"std_dev":{"confidence_interval":{"confidence_level":0.95,"lower_bound":3502873.3193787304,"upper_bound":6500141.3832079},"point_estimate":5115244.677108404,"standard_error":767867.4581884021}}