{"mean":{"confidence_interval":{"confidence_level":0.95,"lower_bound":0.0068219349699057555,"upper_bound":0.04744621003422566},"point_estimate":0.026606340420230135,"standard_error":0.010232634370598383},"median":{"confidence_interval":{"confidence_level":0.95,"lower_bound":0.011618056852634728,"upper_bound":0.025101382492862978},"point_estimate":0.017279428137723762,"standard_error":0.003525638992776593}}