{"mean":{"confidence_interval":{"confidence_level":0.95,"lower_bound":8040834.885714291,"upper_bound":8140621.221428571},"point_estimate":8089346.428571428,"standard_error":25501.736902167217},"median":{"confidence_interval":{"confidence_level":0.95,"lower_bound":7940771.428571428,"upper_bound":8065200.0},"point_estimate":8003828.571428572,"standard_error":34163.52028190836},"median_abs_dev":{"confidence_interval":{"confidence_level":0.95,"lower_bound":122727.50782115178,"upper_bound":253672.85549640656},"point_estimate":202957.34639678703,"standard_error":34720.594343173325},"slope":null,"std_dev":{"confidence_interval":{"confidence_level":0.95,"lower_bound":212284.2521611,"upper_bound":291794.12893545296},"point_estimate":256388.24878316902,"standard_error":20380.27242892865}}