{"mean":{"confidence_interval":{"confidence_level":0.95,"lower_bound":19649579.47499999,"upper_bound":21033038.28333332},"point_estimate":20277271.333333336,"standard_error":355233.1828743043},"median":{"confidence_interval":{"confidence_level":0.95,"lower_bound":19167666.666666668,"upper_bound":19298883.333333336},"point_estimate":19226933.333333332,"standard_error":32641.623508059252},"median_abs_dev":{"confidence_interval":{"confidence_level":0.95,"lower_bound":169831.8269848796,"upper_bound":319870.94432115555},"point_estimate":241219.01571750364,"standard_error":38932.08444948398},"slope":null,"std_dev":{"confidence_interval":{"confidence_level":0.95,"lower_bound":1885092.887523513,"upper_bound":4848039.152253627},"point_estimate":3566906.687927516,"standard_error":762374.4749344541}}