{"mean":{"confidence_interval":{"confidence_level":0.95,"lower_bound":-0.12197303780279362,"upper_bound":-0.10992948076585483},"point_estimate":-0.11602581512023435,"standard_error":0.0030548624107565744},"median":{"confidence_interval":{"confidence_level":0.95,"lower_bound":-0.1161474172723482,"upper_bound":-0.10867186019618291},"point_estimate":-0.11178161021363453,"standard_error":0.0018273044686655982}}