{"mean":{"confidence_interval":{"confidence_level":0.95,"lower_bound":-0.0009677032892623301,"upper_bound":0.04213846868510635},"point_estimate":0.020745942926487793,"standard_error":0.010899176792985828},"median":{"confidence_interval":{"confidence_level":0.95,"lower_bound":0.0028358559586536547,"upper_bound":0.01924896882197391},"point_estimate":0.013393495629446583,"standard_error":0.004160929662776749}}