{"mean":{"confidence_interval":{"confidence_level":0.95,"lower_bound":0.0006892762821066958,"upper_bound":0.051375695036446116},"point_estimate":0.02450545113148328,"standard_error":0.013300115445808766},"median":{"confidence_interval":{"confidence_level":0.95,"lower_bound":-0.0017488849110623983,"upper_bound":0.0034485019260539485},"point_estimate":0.0016103564040694796,"standard_error":0.0012185148701244369}}