{"mean":{"confidence_interval":{"confidence_level":0.95,"lower_bound":-0.061443337594249234,"upper_bound":-0.03796720797834361},"point_estimate":-0.04948017145517869,"standard_error":0.0059372340071972615},"median":{"confidence_interval":{"confidence_level":0.95,"lower_bound":-0.05278026083486278,"upper_bound":-0.04501703232649512},"point_estimate":-0.04934755950860237,"standard_error":0.0019980047540769813}}