{"mean":{"confidence_interval":{"confidence_level":0.95,"lower_bound":6126070.552777778,"upper_bound":6378189.999999999},"point_estimate":6235221.888888892,"standard_error":64722.132070930835},"median":{"confidence_interval":{"confidence_level":0.95,"lower_bound":6084466.666666667,"upper_bound":6137988.888888889},"point_estimate":6110511.111111111,"standard_error":12802.891896676032},"median_abs_dev":{"confidence_interval":{"confidence_level":0.95,"lower_bound":87316.90178314853,"upper_bound":146266.72406991385},"point_estimate":110264.25470908452,"standard_error":13870.091525660102},"slope":null,"std_dev":{"confidence_interval":{"confidence_level":0.95,"lower_bound":124171.12803271387,"upper_bound":966695.6685169423},"point_estimate":647420.5036360697,"standard_error":198578.80626159007}}