{"mean":{"confidence_interval":{"confidence_level":0.95,"lower_bound":-0.0033805213679008795,"upper_bound":0.03719857177919853},"point_estimate":0.018329256627402923,"standard_error":0.010367330660756976},"median":{"confidence_interval":{"confidence_level":0.95,"lower_bound":0.004131584804398569,"upper_bound":0.05258452250760837},"point_estimate":0.030192836448139415,"standard_error":0.010996372657696707}}