{"mean":{"confidence_interval":{"confidence_level":0.95,"lower_bound":-0.04354916656911613,"upper_bound":-0.013259647147655202},"point_estimate":-0.02856868056547701,"standard_error":0.007770842213263699},"median":{"confidence_interval":{"confidence_level":0.95,"lower_bound":-0.031719373752569835,"upper_bound":-0.026279136344551368},"point_estimate":-0.02900458437764586,"standard_error":0.0013178278000730696}}