{"mean":{"confidence_interval":{"confidence_level":0.95,"lower_bound":-0.017698007702492313,"upper_bound":0.01437513746753257},"point_estimate":-0.0021762065292231236,"standard_error":0.008146732473545013},"median":{"confidence_interval":{"confidence_level":0.95,"lower_bound":-0.003429617477607394,"upper_bound":0.009236264463953647},"point_estimate":0.0021969491341635727,"standard_error":0.0033119483135482398}}