{"mean":{"confidence_interval":{"confidence_level":0.95,"lower_bound":16897756.000000004,"upper_bound":17505937.99166667},"point_estimate":17173431.0,"standard_error":156923.1460725198},"median":{"confidence_interval":{"confidence_level":0.95,"lower_bound":16660433.333333334,"upper_bound":16866983.333333332},"point_estimate":16747516.666666668,"standard_error":53647.579463928836},"median_abs_dev":{"confidence_interval":{"confidence_level":0.95,"lower_bound":273539.69514369965,"upper_bound":439788.572192193},"point_estimate":352117.49374866625,"standard_error":42713.58843949577},"slope":null,"std_dev":{"confidence_interval":{"confidence_level":0.95,"lower_bound":796136.8538765328,"upper_bound":2232143.5906580165},"point_estimate":1589342.639795583,"standard_error":368826.7179354622}}