{"mean":{"confidence_interval":{"confidence_level":0.95,"lower_bound":-0.045831600151404986,"upper_bound":0.02231964209020494},"point_estimate":-0.012201606024899059,"standard_error":0.0175534392348464},"median":{"confidence_interval":{"confidence_level":0.95,"lower_bound":-0.0031961202195364136,"upper_bound":0.006480059459725851},"point_estimate":0.002202847688488996,"standard_error":0.00252682335869665}}