{"mean":{"confidence_interval":{"confidence_level":0.95,"lower_bound":0.007977958801911395,"upper_bound":0.05666737647627014},"point_estimate":0.030813326542310948,"standard_error":0.0123947168209711},"median":{"confidence_interval":{"confidence_level":0.95,"lower_bound":0.00824390334142211,"upper_bound":0.017197336449374045},"point_estimate":0.012854120436381233,"standard_error":0.0024741876596971763}}