{"mean":{"confidence_interval":{"confidence_level":0.95,"lower_bound":0.06918517427164651,"upper_bound":0.13958320364566607},"point_estimate":0.10483645339418057,"standard_error":0.01799547065422693},"median":{"confidence_interval":{"confidence_level":0.95,"lower_bound":0.012149304136218175,"upper_bound":0.024791862065726367},"point_estimate":0.015598788748037995,"standard_error":0.003410249385254236}}