{"mean":{"confidence_interval":{"confidence_level":0.95,"lower_bound":12620586.75,"upper_bound":13081245.75},"point_estimate":12828638.5,"standard_error":118404.58919794454},"median":{"confidence_interval":{"confidence_level":0.95,"lower_bound":12351262.5,"upper_bound":12491962.5},"point_estimate":12406575.0,"standard_error":39613.24662081707},"median_abs_dev":{"confidence_interval":{"confidence_level":0.95,"lower_bound":96924.97327923775,"upper_bound":287903.3090136943},"point_estimate":174872.66689538956,"standard_error":54714.84001402579},"slope":null,"std_dev":{"confidence_interval":{"confidence_level":0.95,"lower_bound":533581.0009742611,"upper_bound":1690803.2437518463},"point_estimate":1194010.2805803497,"standard_error":290303.93188145495}}