{"mean":{"confidence_interval":{"confidence_level":0.95,"lower_bound":13616471.75,"upper_bound":14088415.75},"point_estimate":13827403.75,"standard_error":120972.64703034257},"median":{"confidence_interval":{"confidence_level":0.95,"lower_bound":13430350.0,"upper_bound":13596200.0},"point_estimate":13551262.5,"standard_error":41692.40742988355},"median_abs_dev":{"confidence_interval":{"confidence_level":0.95,"lower_bound":254488.28548192978,"upper_bound":466185.0292235613},"point_estimate":349949.1912871599,"standard_error":55702.93306584288},"slope":null,"std_dev":{"confidence_interval":{"confidence_level":0.95,"lower_bound":589279.8570926869,"upper_bound":1718216.5176139073},"point_estimate":1210139.7079656294,"standard_error":288634.15303755994}}