{"mean":{"confidence_interval":{"confidence_level":0.95,"lower_bound":-0.05293831862834157,"upper_bound":-0.013011250898420004},"point_estimate":-0.031671342148510306,"standard_error":0.010229445741867349},"median":{"confidence_interval":{"confidence_level":0.95,"lower_bound":-0.006655542400302861,"upper_bound":-0.0003760024101323761},"point_estimate":-0.00269699402602408,"standard_error":0.001591632117586646}}