{"mean":{"confidence_interval":{"confidence_level":0.95,"lower_bound":0.0015537552972224537,"upper_bound":0.05078632223734707},"point_estimate":0.025668944819088102,"standard_error":0.012519349185781702},"median":{"confidence_interval":{"confidence_level":0.95,"lower_bound":-0.0011981625854067257,"upper_bound":0.00424851708419105},"point_estimate":0.0021478082123118636,"standard_error":0.0013963175691490226}}