{"mean":{"confidence_interval":{"confidence_level":0.95,"lower_bound":5310.017686484608,"upper_bound":5384.648778845219},"point_estimate":5342.877310300579,"standard_error":19.162957785296257},"median":{"confidence_interval":{"confidence_level":0.95,"lower_bound":5278.815628815629,"upper_bound":5313.051296821458},"point_estimate":5294.370982982918,"standard_error":7.4607397110967595},"median_abs_dev":{"confidence_interval":{"confidence_level":0.95,"lower_bound":35.88542213265322,"upper_bound":71.69382513860852},"point_estimate":50.6773906421589,"standard_error":8.61634275856187},"slope":{"confidence_interval":{"confidence_level":0.95,"lower_bound":5315.789046175461,"upper_bound":5476.269376412169},"point_estimate":5385.201179934296,"standard_error":41.609127286939874},"std_dev":{"confidence_interval":{"confidence_level":0.95,"lower_bound":79.94191699569619,"upper_bound":276.9237910193617},"point_estimate":193.1177757245823,"standard_error":49.07678867528732}}