{"mean":{"confidence_interval":{"confidence_level":0.95,"lower_bound":0.018114389996999623,"upper_bound":0.08570287761616453},"point_estimate":0.04718255943992289,"standard_error":0.017189438069522413},"median":{"confidence_interval":{"confidence_level":0.95,"lower_bound":0.0011946931779927006,"upper_bound":0.013793556230487392},"point_estimate":0.00847704923441328,"standard_error":0.003234345820203954}}