{"mean":{"confidence_interval":{"confidence_level":0.95,"lower_bound":0.0012620110280208347,"upper_bound":0.04195376222663378},"point_estimate":0.020345178602945158,"standard_error":0.010188637830252756},"median":{"confidence_interval":{"confidence_level":0.95,"lower_bound":0.001025090731775924,"upper_bound":0.008000978268464909},"point_estimate":0.004633426625805459,"standard_error":0.0016117465674372433}}