{"mean":{"confidence_interval":{"confidence_level":0.95,"lower_bound":13592467.38125,"upper_bound":13998368.4375},"point_estimate":13781114.75,"standard_error":104671.18811090956},"median":{"confidence_interval":{"confidence_level":0.95,"lower_bound":13369437.5,"upper_bound":13492600.0},"point_estimate":13419937.5,"standard_error":31410.35461165189},"median_abs_dev":{"confidence_interval":{"confidence_level":0.95,"lower_bound":216700.51865279675,"upper_bound":379045.2157706022},"point_estimate":301820.2896416187,"standard_error":41163.28108396106},"slope":null,"std_dev":{"confidence_interval":{"confidence_level":0.95,"lower_bound":665909.4477756696,"upper_bound":1356427.1670788606},"point_estimate":1048055.9109795041,"standard_error":177035.94808184152}}