{"mean":{"confidence_interval":{"confidence_level":0.95,"lower_bound":0.0001420626062733562,"upper_bound":0.03777370554000582},"point_estimate":0.017068969351070384,"standard_error":0.009465917865383823},"median":{"confidence_interval":{"confidence_level":0.95,"lower_bound":0.0015078846526082046,"upper_bound":0.007386625756107116},"point_estimate":0.004567051673424194,"standard_error":0.0015648691866917723}}