{"mean":{"confidence_interval":{"confidence_level":0.95,"lower_bound":12104.023460368167,"upper_bound":12672.450072042031},"point_estimate":12384.207591214934,"standard_error":144.70835062781643},"median":{"confidence_interval":{"confidence_level":0.95,"lower_bound":11851.724137931034,"upper_bound":11977.593662950569},"point_estimate":11875.528271217925,"standard_error":42.16962559459133},"median_abs_dev":{"confidence_interval":{"confidence_level":0.95,"lower_bound":142.40805212367005,"upper_bound":950.5032015159991},"point_estimate":261.1995001974318,"standard_error":219.41064312612932},"slope":{"confidence_interval":{"confidence_level":0.95,"lower_bound":12630.675679839465,"upper_bound":13420.114377557247},"point_estimate":13032.070708254561,"standard_error":202.33479094153137},"std_dev":{"confidence_interval":{"confidence_level":0.95,"lower_bound":1153.7554574550536,"upper_bound":1719.3026251674048},"point_estimate":1450.2779054250586,"standard_error":145.51585223972668}}