{"mean":{"confidence_interval":{"confidence_level":0.95,"lower_bound":-0.11068326606509359,"upper_bound":-0.07887497283589884},"point_estimate":-0.09683311324239063,"standard_error":0.008358328095011509},"median":{"confidence_interval":{"confidence_level":0.95,"lower_bound":-0.1150351018196285,"upper_bound":-0.10097356045011918},"point_estimate":-0.10694639127030137,"standard_error":0.0037959249057168427}}