{"mean":{"confidence_interval":{"confidence_level":0.95,"lower_bound":-0.009378599093438437,"upper_bound":0.049106124993732216},"point_estimate":0.020079443178543377,"standard_error":0.014891455438004266},"median":{"confidence_interval":{"confidence_level":0.95,"lower_bound":0.003307696486639644,"upper_bound":0.031879067336547884},"point_estimate":0.013384181762293945,"standard_error":0.007659397078631735}}