{"mean":{"confidence_interval":{"confidence_level":0.95,"lower_bound":7176918.428571427,"upper_bound":7237194.8571428545},"point_estimate":7205286.7142857155,"standard_error":15451.010702593363},"median":{"confidence_interval":{"confidence_level":0.95,"lower_bound":7138700.0,"upper_bound":7182892.857142857},"point_estimate":7161857.142857143,"standard_error":10462.350285042281},"median_abs_dev":{"confidence_interval":{"confidence_level":0.95,"lower_bound":79424.99858992519,"upper_bound":142054.25747803308},"point_estimate":107679.11808831341,"standard_error":15590.545726249497},"slope":null,"std_dev":{"confidence_interval":{"confidence_level":0.95,"lower_bound":109755.4888947745,"upper_bound":205503.95689711443},"point_estimate":154443.24935625115,"standard_error":27178.663787744466}}