{"mean":{"confidence_interval":{"confidence_level":0.95,"lower_bound":-0.9978240692086103,"upper_bound":-0.9977709676105773},"point_estimate":-0.9978002508429116,"standard_error":0.000013416743015488921},"median":{"confidence_interval":{"confidence_level":0.95,"lower_bound":-0.9978150096695887,"upper_bound":-0.9978049942953133},"point_estimate":-0.9978072884226122,"standard_error":2.2841014827502535e-6}}