{"mean":{"confidence_interval":{"confidence_level":0.95,"lower_bound":-0.007232993919910936,"upper_bound":0.020291689126665735},"point_estimate":0.0070636277967994765,"standard_error":0.006940584079796836},"median":{"confidence_interval":{"confidence_level":0.95,"lower_bound":0.007337282070619899,"upper_bound":0.01012357434312846},"point_estimate":0.008355817102379204,"standard_error":0.0007299438779301379}}