{"mean":{"confidence_interval":{"confidence_level":0.95,"lower_bound":-0.05559377217312175,"upper_bound":-0.03126016124461887},"point_estimate":-0.04389448092798054,"standard_error":0.006203024953030281},"median":{"confidence_interval":{"confidence_level":0.95,"lower_bound":-0.0641619107821737,"upper_bound":-0.018234652654200652},"point_estimate":-0.04160024828842612,"standard_error":0.012418326537047938}}