{"mean":{"confidence_interval":{"confidence_level":0.95,"lower_bound":39818162.9125,"upper_bound":40890821.3625},"point_estimate":40268481.5,"standard_error":278650.3602045844},"median":{"confidence_interval":{"confidence_level":0.95,"lower_bound":39498200.0,"upper_bound":39701275.0},"point_estimate":39605650.0,"standard_error":56889.3034298601},"median_abs_dev":{"confidence_interval":{"confidence_level":0.95,"lower_bound":346372.4188506603,"upper_bound":743894.536793232},"point_estimate":524729.1956841946,"standard_error":106298.33064273515},"slope":null,"std_dev":{"confidence_interval":{"confidence_level":0.95,"lower_bound":766028.3506227467,"upper_bound":4308530.315328394},"point_estimate":2790373.121692761,"standard_error":958554.7004547165}}