{"mean":{"confidence_interval":{"confidence_level":0.95,"lower_bound":-0.013932503231463137,"upper_bound":0.02090137497841149},"point_estimate":0.0019546103690104566,"standard_error":0.00882660705110181},"median":{"confidence_interval":{"confidence_level":0.95,"lower_bound":-0.008746838590822703,"upper_bound":-0.0028082342857347832},"point_estimate":-0.0061110191616775555,"standard_error":0.001600489825514304}}