{"mean":{"confidence_interval":{"confidence_level":0.95,"lower_bound":-0.03521537973325098,"upper_bound":-0.0192943328064356},"point_estimate":-0.027363872164675063,"standard_error":0.004068104941901296},"median":{"confidence_interval":{"confidence_level":0.95,"lower_bound":-0.03479869416365855,"upper_bound":-0.01722183887388995},"point_estimate":-0.02516269603235255,"standard_error":0.004662592120407187}}