{"mean":{"confidence_interval":{"confidence_level":0.95,"lower_bound":-0.007172945324969809,"upper_bound":0.027568366243647086},"point_estimate":0.007953357258297489,"standard_error":0.008668979855109712},"median":{"confidence_interval":{"confidence_level":0.95,"lower_bound":0.0009013734067606638,"upper_bound":0.012012425767520707},"point_estimate":0.007915845943208488,"standard_error":0.0028603687076648033}}