{"mean":{"confidence_interval":{"confidence_level":0.95,"lower_bound":7526736.714285713,"upper_bound":7625765.571428566},"point_estimate":7573225.0,"standard_error":25206.457915015457},"median":{"confidence_interval":{"confidence_level":0.95,"lower_bound":7472892.857142857,"upper_bound":7484871.428571428},"point_estimate":7479878.571428571,"standard_error":3548.5811918604077},"median_abs_dev":{"confidence_interval":{"confidence_level":0.95,"lower_bound":20608.139634132385,"upper_bound":39776.039293834736},"point_estimate":29863.799469811773,"standard_error":4625.561664851043},"slope":null,"std_dev":{"confidence_interval":{"confidence_level":0.95,"lower_bound":158477.73888238674,"upper_bound":331421.108247378},"point_estimate":255630.6394134847,"standard_error":44138.1680269853}}